crop_id,clase,split,sha256
img104-ann132,dog,train,2ba52f7b04b8e68110cae9b8fdb4a16c6f6d232cda71642c6dc86b8200ff8e8c
img111-ann130,dog,train,841f2e3b16a5bee79ae969586405e137e3e253262557af2aefebc05d2f71f567
img112-ann129,dog,train,ca0eb711527002c085aa378d93e874faf472566d0ef69ad20997df57d696559c
img161-ann183,dog,train,a70aaf6c7ca4e7850575454fc5b881a7b3203675cbf57d0f5f947a38f6ddd3cf
img166-ann188,dog,train,e1dac4bf2da376990f1c4a8f1aafc3cfa51c270b39c5778146753710faee989f
img169-ann194,dog,train,fe5ddaa22915b6d693ed27ac0af394d690d4a378c30d04f26eeaa77b37bf7829
img170-ann195,dog,train,c0942ee7abb048a0749c9168fb32405538edaf9391e45d838180ca9c46fe9cb6
img176-ann202,dog,train,8c3d6231f603ca09f7c10f51ad452e1261f73100e1f0ccaace7cb542f6f29c14
img181-ann207,dog,train,3e32bb9bd3ce4dd33e4f55576416732eb80aedd076578f84f42e89675d1d608a
img230-ann261,dog,train,b4f0226f40075ee7701e0359533470a3c153e33d8ac69093c4be3c05e5ca019f
img231-ann262,dog,train,4b01f33da6b0e8ac4ebdd06626c13583a2daa5a662aa6b686d2a4c88da5be465
img234-ann266,dog,train,251fbbeeb0dbfcaf9d88de386b498b726f0922d90e05a9a8459e38dcba80903c
img239-ann271,dog,train,4472c0cd34e952d0f2d143afadfdef914b7bda874845f4bbb91789914b2f736a
img276-ann319,dog,train,a22cfa7fe638e9a1ad7ce9658fdc5f92a11200d304e1330c59b54c7bc92d3ba9
img284-ann327,dog,train,d3a052a367e1082a5208c556ad1dbc1af2035b576ccefcbed49e0e4601c70a56
img287-ann330,dog,train,ab9b516017b190747d38dae31582372a2a139ace1c7684a4f9c6430b324647b0
img301-ann346,dog,train,d81509b6a0f2029088a16fdda7df9c27780bc66e12cea42411f4096d24f7ee9a
img396-ann381,dog,train,0378e2312392c9b091e018ef07c59b99fb1246937a2d64a5059eeb42de131bf6
img398-ann383,dog,train,c7ca75277bf14f8f3c53d6c243d1ea6dab534102ea1a93be63d91b72096aa71a
img399-ann384,dog,train,5e13b87824a77a6012996bbed605e622008c859845596a1b212d99cc18237f2d
img40-ann65,dog,train,173f118bd20ba8594971bdf1b325c43afd066e55005b6009c6bd98acac16ac4f
img404-ann389,dog,train,530eba1926a8df313d37df79233f243d8e4c644bfe32e64bf1529e7110d10acf
img407-ann392,dog,train,20ac3b61b1c1819a8e82a7e66002a1103c5a4f2d66df445e32a9ba9c13c32208
img419-ann404,dog,train,0f34a9071bac91f7f7d6da3215d9449121ee69bc22f7b3b9af612c4d05d34152
img422-ann410,dog,train,dce3adf6bff2a39fb9c6b94c5cabec373e226bee3206bfab643ddd49a0a22ff1
img422-ann411,dog,train,e529effd1b0b3693bd8132e62a46edd52e8dbf2d94471049baa1c55cd7ea946f
img423-ann408,dog,train,6836eb33ae201391603e49de6cee4d1d44983b1b609b39352b8b24bfb6b9f7d5
img424-ann412,dog,train,32379e622ac0c7a2f35fe8494ae740f3583d00a6da9d1950cb1167b6ba2a6624
img45-ann63,dog,train,2c8628880a171eeadc73fb0f16237a3e66bec37d81721634c86023412843407d
img46-ann62,dog,train,e91ef5dc4d65c312761060edbb62e93d3c2a0da8799539250ba2f5c5d144eefb
img474-ann465,dog,train,3f11bab7d7e102ddcc74c31586503503b811312005986eba81aa6d7725fa86ce
img477-ann469,dog,train,6092f933e1e4ca4b417d5b5179a416a22b7dd361aedead88bfa3100486a6c44d
img479-ann474,dog,train,7fc28bf9230d1a5d06822257db887b565cc95c66cd2ab6bb79d28e6a38508da5
img481-ann476,dog,train,df9a81be8305dbfac4e3860b5fc3b5393b1c7e368cb21827621dfaa3af1115bd
img483-ann478,dog,train,233250b40f6862df9c5c8cfe5abfacf10751daf0082f5469a7aa87ee0da84b0e
img485-ann480,dog,train,94e7deb233ff059a8c3f8f42aa8ddb965d3d6e33d8457a8fc4620f4132f8d631
img491-ann486,dog,train,cd6052c6d81fcb3c52312911bbcf4e4c82876af95ff931de274ae5e4ff35ff48
img493-ann488,dog,train,4f6f3a9a3a6c481daa2eb4bffb15a8100cfc916a2e46c9834647152291945fd4
img494-ann489,dog,train,0005c99d4da980f6b5c3b251173c22e7ae15299335007135d8ddb5cb32dd5327
img497-ann492,dog,train,a07c0f0b53cae7423279a3c1aa94f0e53c538e95506ff6a7c4cc72a47d077147
img498-ann493,dog,train,d0ea6adcba01d4f163bd5bed77746b3cf9e7d53fc5ab3e38a8f5400aacc5332e
img50-ann56,dog,train,e8f788c6db0f626e87b2d42df167cabfd1e01d1270094def39cf7ddcb6cf3aa5
img50-ann57,dog,train,2f793b0b473bb2aa7880fdfc0e15ac824eedaddba82ac4e8b4e58682947d5e0f
img500-ann495,dog,train,1db3dea934b16676f1285e9ca5faa6c11d61d678e25ebafd144b3d9a09cd8126
img503-ann498,dog,train,19bd820295ecbfdccff3c2f6e66d64067f95353ee5b71c2c05d3a48c5dfb2e9a
img506-ann501,dog,train,221298d5e929f776b3ec70666bba54ce778d589886ec0e3beea66cbf17c3bebd
img507-ann502,dog,train,1bb4349fd013c948d9afeebbdde62b88686a697a3abc30eacd30019a808afb59
img51-ann50,dog,train,b98e4e7e3fe72838333fffd560cad8c39ba2286e5f3cfefef55bf1f92a849c91
img562-ann564,dog,train,5dcd8ad0e5ad2e140a7f555f13fbe3dc948e4d260a5e20fec3692a376d22df1a
img567-ann569,dog,train,99ec15848d844abac7591ff6170a6c944d86e19faf317d05d61c180fa446bada
img568-ann570,dog,train,97cc15e81d3be941c91b325fc41f5b2a71ad4a9b878772856843744c8d04c10b
img570-ann572,dog,train,dcbcf1fdcac20bf5751f0caba3e6ddff57fcb5ade9432c6e1303257ed8e4a2be
img571-ann573,dog,train,8835a8b0f154992a044fa8c8748b7e977b51c8e8d70a92a13d2a0580df03685e
img576-ann578,dog,train,21b963b7a3bee1f8128db2d79ea09af536876792dbf26471911a5473db4ae381
img580-ann582,dog,train,4ea28e7cc9ada289c14e8ca29baa922e56af17d2378f2b6b1a6cbdc3520137dd
img593-ann596,dog,train,07bb693923fa8345b082a4fddccb8dc6bfec1bebfc6d3384492c177138febed3
img594-ann597,dog,train,4492336afc0de9378466c6d0d97e69652ba792b49d053bd47b045219a23194fb
img597-ann600,dog,train,ac41a7990f67759a5f5a9ded29174fef6836f080aa39bb2f00ff5edad6b4f9ca
img604-ann607,dog,train,e037771dfe6624968ec27041225f3022f4042889c0eb07912201ca5aef5e3c65
img604-ann608,dog,train,5fb482c355043354fe3c315e5cfe9c35f565d12d5ee6fd369b163f6bf3657971
img61-ann45,dog,train,b2c87a16d2389fba79234ab9dc1126459d29b9bc39a164140115b9f13345c883
img636-ann640,dog,train,65055565a81efbb6a8914920578e082b9faf5da9f9cf069ea6da95fcc852fc99
img638-ann641,dog,train,42c016228ac838dd2c7bd4f5e307ee81d056c99a0858b4965656a14c7f84e5a4
img641-ann645,dog,train,b38dec80f451f32d496cdd19d5532be6811f29a7f6ef3f6881b9ad6f2ae52743
img645-ann649,dog,train,76f08f8939493a38e0a93870ad5bbf14d63ea4e6f040ec2d59e4d95538072dfc
img648-ann652,dog,train,6cf63f316527faa3bf60475049dfee37bbfcf11f8e2874592bbb994f38c363e7
img650-ann654,dog,train,400cb29e8639dfc74262b9b14a3cfa8c8ff6c5ab2fa05fe61efee8bdc25efc27
img652-ann656,dog,train,a2883ecca520295575e1c5b7cf7bc297c1d05baa073658f841abee9753d46a74
img653-ann657,dog,train,b615f903f20f19769e590e171e48f8268cd0118921a66e7267b6fab08ea0c4b7
img655-ann659,dog,train,1e2019bf0e62754c641d026181b1568abe7bace8aa91b5444fb808f20ac85c8a
img658-ann662,dog,train,595f6b1115fac95bd499e5287ec3b75ea4c55bcc693de726f8ea43c514d95339
img660-ann664,dog,train,7ed5d8a9b7b2734c42ceca2a2c7ac8008b7dd57051fcfa0ab8926357a8655d3d
img93-ann108,dog,train,67bc7cc3c895343a814063e7d373d7126fa2a927f36ac3d7831f84ac38e7a799
img97-ann112,dog,train,c778ab954ef00b823cf7e87dc9a9c33b04f6c444f45bbdf210d623ad85eeb38d
img99-ann114,dog,train,3c08413a877f8bf2a1f44ef303b65507a7eb19146bd8823ccd5443d793bb222f
img11-ann10,cat,train,ad1ef401025834afafc744fb128140e242455e1f0c29d572c5e19b6c352571b3
img124-ann140,cat,train,90ebad34c8198bcd382b721d12d8443b2f019176c4942d437efb2eff1e1580c9
img128-ann146,cat,train,3e429a869c152e9f2faed3c8b11aad3a81b7c28838b7b58f969a47e14aec767c
img130-ann148,cat,train,34b3aef9b7cdf3fbec9f0b83785d2816f0eab4d400600143141ba567163b404b
img136-ann154,cat,train,8622ee71954bc266d9c3af191b5fde93447e698a4dec19c65fc943a245ff6a49
img14-ann13,cat,train,8aa98219c2bdf0b2be412e66f063c17cfd76412ac6deb439d61e503f83c2da53
img142-ann160,cat,train,71b53d80343a952299e113cb407b2ac204797ea7dd4ff7253d8209b0dc1f898c
img147-ann166,cat,train,2d28a98643c50f4fbadb4d65650b4dc65617fa70cfe7cd50ce8a957b332a880e
img151-ann170,cat,train,e370893abbb3a05d0433efd5c059c264a490f81f599b2222a8d3e6678006f8e7
img16-ann18,cat,train,8a3e796a308077432485accb80fa0222e912e3486fd3a7e13609c158ce463bd4
img185-ann211,cat,train,d58215063c42f1f9d329c3f855430218367197b2ec36bc4653c376c87ba62da3
img187-ann213,cat,train,d20b1f4b1a17d7a42d96ebf6248edc3de6c1fcad8734ecd057dead18b0095039
img193-ann219,cat,train,ae50e377995d7191f0430ac9a605e30aacaec719a2e2244a114dd76661b154f5
img196-ann225,cat,train,2733b09a88887b14ab9a15eebe7db8bb0fcd29c9cd5dad783a60c95213caa4b7
img206-ann236,cat,train,50b2414133e2e2bad4f497f7a4e13e0736e23a845dbd7758f2a6a18f45ad07b2
img207-ann237,cat,train,e9ace452261e028babdfca1db998a9b0072b90d29644a77b5e76b92f77aa75cd
img22-ann21,cat,train,ead9563c18448754691626a60d56a0b1fbc411bb2b3fc868bde406daf2ff4750
img22-ann22,cat,train,e4736a942cef2b6f1d54897766b5e47930ee62e0ca1b1cb76a8b3211aad9bdd4
img22-ann23,cat,train,f98b03c6a998cd396e51dc0ac64315fb3f575cbd4e0967ef99ec84aa170bb68d
img22-ann24,cat,train,1229424c2924961317120af755503d734a74299415130a2bff54c30c154e952a
img247-ann282,cat,train,01d15d33e75d16db6fd8f2f2ca1353a7a5e5fe49cf0b653e888bcf8c3f36e8cc
img25-ann34,cat,train,a783e35b8149f797c0a8e1ddc9a0f0dd6d636c09a41026f59b46ddadbc3bb394
img250-ann284,cat,train,4c59bcdd40cac369447e21f883f4a9f6f86e3a4be5d2345ef43536778bbc8a1f
img251-ann285,cat,train,a8dba30f07537a3dcf6d13f78e69f93c2f96b9f809c7bc210bcb78e0bbc33f92
img258-ann292,cat,train,b2ff8acd0f20cdbbd7f108e9a9ebfb0dec0f81b58b5a8e7daa24edeefa389828
img259-ann294,cat,train,e832da09938ac0867363be7ff54e3ad1b447bb5292693a915ae6d0d3c343835c
img262-ann298,cat,train,5160a67666a0abccdeda3faede91c4a2f2b1db94dd91b265d6c27af6bc67a70a
img265-ann305,cat,train,8138f25462f0ff9aab111c171ee2ba3a175682013cd1095d31bf2af62df10713
img267-ann307,cat,train,a4a1d857cc41c4fa6c30b72bb77397e3dda16ffb56c7996206c2a7d2a52f58f5
img268-ann308,cat,train,3c5139d0e73822d2e4905ade505942127fcd4875c1783a617e20ba5f45e4493f
img268-ann309,cat,train,9dac1c2ac8d3bd27164e2f5baa510a23e0c6f1ff77c99d1b6073f90b42b145c1
img269-ann310,cat,train,d3674bfab45ac918ae5707340524a052a5f8347327a55ab36f16a65967e11086
img270-ann311,cat,train,f21acd8e1d1efe537ba18c35764b67c8af724eb943f3ed88e0039bc0be47e7bb
img271-ann312,cat,train,0ca8ab1ffc2d776bcb5d835ea1842b37708a37c8ebd4e31dd42aa7bbc1b49d72
img28-ann41,cat,train,a7d0d0ceb92cf4b544c5273137fe539fba742595ce6f154127a2b26cd134094c
img3-ann6,cat,train,febafa82e855533058e77fde7fb728c0696a9510529abba2fe94211d18ffc15b
img367-ann352,cat,train,51c6103f628ed75b0ddba859429ddea69d8152bada7d76e9b507c6982908a430
img379-ann364,cat,train,d7899993b591f47801046421ce401906d8c456d785b6854e72856167bf7259ae
img392-ann377,cat,train,b9c393f3b26600eadbbbe4e5378c3a1be56fdfdc88edd156c8414fc5051affb4
img428-ann417,cat,train,151e123a9e0a1a70e791d9dbbe2ac58a85efc10990a5caadc53abc89586443b3
img431-ann420,cat,train,1a90cbd6ea0ce65e99e1b95202f58d5f7c6c55f9c52af63e9968a52024fc14e8
img435-ann424,cat,train,ab4af50833a7f9175329dba160c247687ae4760c33439877d02ef328b9ca012f
img439-ann428,cat,train,320a95bb21dd51193801a738ac8c96109e3e8013e82ddd210cd020f7bc878655
img440-ann429,cat,train,28b2f90c4a090369c5be337fc482cfa25d9b936a091a9743b7a1c6ff642d4765
img444-ann433,cat,train,27502ab868d80f6ed825e84c0c5807c60a40fae9846e9354f0eb8c67cb2bbbb5
img457-ann446,cat,train,0d086e333706128025691e2b16c7a27d82bb3686dedab53c5b529d121103b255
img458-ann447,cat,train,6888af249cac9a532e522dd5c107ba7d26f56ad8a191a80992cb8200974d09b0
img464-ann455,cat,train,9f67e01cc9eb8be408904636ce27dd7275e75ac55fc4a6b3e8d86522ba875643
img467-ann458,cat,train,ce9f22513536a07a4430a1195d36968a1e59371e70ba610f8ab005a687b97781
img515-ann510,cat,train,a853e06745a1d572aeeaeeaf8b33981353db38a0191569b0de1da756ac4ae3e5
img519-ann514,cat,train,970596d810d15882536a49f2a887ef460d2bbddf7ed5d166cc0cf4d6be95084c
img527-ann523,cat,train,f6a7104a3e89caefcb193d2c3a14a15d71a9d5119d39e2490c99d140b3cd80d5
img528-ann525,cat,train,a18031b2cc274fd7366cc17ac1926aaecc3763c1bb6cbe6af97b58ab214b4bc4
img529-ann526,cat,train,f0ea76a08657087e52d29073b1f73096fd7828d2a4d76f6fc37ed902f6753753
img531-ann528,cat,train,07a3b8471cb4151622ce2ce5a0e9c30a22624fbd4a49b922f278940d1a6dc112
img535-ann533,cat,train,6cc786c1c9865297967d3a26eaff6967bc0de836a9d73b91a577fad7ae8b9e5a
img536-ann534,cat,train,806cc9891cea2c53acfd7f6847e035f8ab148fccc04ad643d82f59632874c042
img538-ann536,cat,train,d71a97d0ce58ebca3a40a47455d51eb3ff8527a98aec2d1b7f4d2afc264adcfb
img541-ann539,cat,train,6995f5c43547033b266a5ad7beecedf06696bb745fd7bfe0bdfbbf5478f255dd
img542-ann541,cat,train,8d4ce278c43f89c1e4054081a062a7275025c48b4c9abe0fe979f0a4baf62767
img543-ann542,cat,train,c3898e40238519703ec434beb61ee007ad440a2976b9c052203493c5ba4568c4
img550-ann551,cat,train,b313e0f6a6bcaa6d055c93c1fdcc5a99b08c9b616a7ca525d665bbdfa7f0ab8b
img551-ann552,cat,train,ca23bb59cd39724d64e21ebe40697f3ee04df4e866e85475a8797a8f0ecbfdbd
img554-ann555,cat,train,54efd591b5fd373a157d35ba5d907d9639133a36e29fcb25ec8011fc6fea35e3
img555-ann556,cat,train,ccca013b6ed9f103bbe62546971d32e8935e27828817dad46c8c2aa51f632723
img609-ann638,cat,train,9e15c8abac4ba5bfa2dca1690f1bb9e0d09b4cdbb5a2d1df354fe63deb28fda7
img614-ann613,cat,train,7399c4d3c73185042b551c0689779ea66a5556541cf35f64b49cf06e2168ab86
img624-ann623,cat,train,48889bcada7df3879175d958b53c4983547760b8136f39be5226a9f7fdb37eff
img625-ann624,cat,train,707b6f180d1304452830b406f903db159420ae6192d7d5955d27759c4774f3dc
img70-ann84,cat,train,08319221b68d475d04d51f06d11e6ff24ae16492609805c814e61cd78614158c
img73-ann87,cat,train,ca69db8efdc0b55aee05cbfb341ce02ff12891ae3016c7c6eacf3cbd29f0df7d
img78-ann107,cat,train,373ce5e4ff6aada107533e260d8354b95a433e4c1b0e1e189fd80608746d9ad1
img8-ann1,cat,train,e6a662f073fff0976ef47c24ae21bcb768ab5ca343b089f38f6548675ae30776
img82-ann96,cat,train,00a4286a0f7585a1f600a208f933378cad75ced1876f888832ef25f180bcae8a
img9-ann7,cat,train,144e66d8255f502aa1d78c9784d9679293c2446bd11b9df3cf010bfc572d824c
